<?xml version="1.0" encoding="UTF-8" ?>
<XMLDB PATH="mod/dialogue/db" VERSION="20130501" COMMENT="XMLDB file for Moodle mod/dialogue"
    xmlns:xsi="http://www.w3.org/2001/XMLSchema-instance"
    xsi:noNamespaceSchemaLocation="../../../lib/xmldb/xmldb.xsd"
>
<TABLES>
    <TABLE NAME="dialogue" COMMENT="Dialogue course module instance information and settings">
      <FIELDS>
        <FIELD NAME="id" TYPE="int" LENGTH="10" NOTNULL="true" SEQUENCE="true"/>
        <FIELD NAME="course" TYPE="int" LENGTH="10" NOTNULL="true" SEQUENCE="false"/>
        <FIELD NAME="name" TYPE="char" LENGTH="255" NOTNULL="true" SEQUENCE="false"/>
        <FIELD NAME="intro" TYPE="text" LENGTH="medium" NOTNULL="true" SEQUENCE="false"/>
        <FIELD NAME="introformat" TYPE="int" LENGTH="2" NOTNULL="true" SEQUENCE="false" DEFAULT="0"/>
        <FIELD NAME="multipleconversations" TYPE="int" LENGTH="4" NOTNULL="true" SEQUENCE="false" DEFAULT="0"/>
        <FIELD NAME="maxattachments" TYPE="int" LENGTH="4" NOTNULL="true" SEQUENCE="false" DEFAULT="0"/>
        <FIELD NAME="maxbytes" TYPE="int" LENGTH="10" NOTNULL="true" SEQUENCE="false" DEFAULT="0"/>
        <FIELD NAME="usecoursegroups" TYPE="int" LENGTH="2" NOTNULL="true" SEQUENCE="false" DEFAULT="0"/>
        <FIELD NAME="notifications" TYPE="int" LENGTH="2" NOTNULL="true" SEQUENCE="false" DEFAULT="1"/>
        <FIELD NAME="notificationcontent" TYPE="int" LENGTH="2" NOTNULL="true" SEQUENCE="false" DEFAULT="0"/>
        <FIELD NAME="timemodified" TYPE="int" LENGTH="10" NOTNULL="true" SEQUENCE="false" DEFAULT="0"/>
      </FIELDS>
      <KEYS>
        <KEY NAME="primary" TYPE="primary" FIELDS="id"/>
      </KEYS>
      <INDEXES>
        <INDEX NAME="course" UNIQUE="false" FIELDS="course"/>
      </INDEXES>
    </TABLE>
    <TABLE NAME="dialogue_conversations" COMMENT="Dialogue conversation information">
        <FIELDS>
            <FIELD NAME="id" TYPE="int" LENGTH="10" NOTNULL="true" SEQUENCE="true"/>
            <FIELD NAME="course" TYPE="int" LENGTH="10" NOTNULL="true" SEQUENCE="false"/>
            <FIELD NAME="dialogueid" TYPE="int" LENGTH="10" NOTNULL="true" SEQUENCE="false" DEFAULT="0"/>
            <FIELD NAME="subject" TYPE="char" LENGTH="255" NOTNULL="true" SEQUENCE="false"/>
        </FIELDS>
        <KEYS>
            <KEY NAME="primary" TYPE="primary" FIELDS="id"/>
        </KEYS>
        <INDEXES>
            <INDEX NAME="dialogueid" UNIQUE="false" FIELDS="dialogueid"/>
        </INDEXES>
    </TABLE>
    <TABLE NAME="dialogue_participants" COMMENT="Participants involved in a conversation">
        <FIELDS>
            <FIELD NAME="id" TYPE="int" LENGTH="10" NOTNULL="true" SEQUENCE="true"/>
            <FIELD NAME="dialogueid" TYPE="int" LENGTH="10" NOTNULL="true" SEQUENCE="false" DEFAULT="0"/>
            <FIELD NAME="conversationid" TYPE="int" LENGTH="10" NOTNULL="true" SEQUENCE="false" DEFAULT="0"/>
            <FIELD NAME="userid" TYPE="int" LENGTH="10" NOTNULL="true" SEQUENCE="false" DEFAULT="0"/>
        </FIELDS>
        <KEYS>
            <KEY NAME="primary" TYPE="primary" FIELDS="id"/>
        </KEYS>
        <INDEXES>
            <INDEX NAME="userid-dialogueid" UNIQUE="false" FIELDS="userid, dialogueid"/>
            <INDEX NAME="userid-conversationid" UNIQUE="false" FIELDS="userid, conversationid"/>
      </INDEXES>
    </TABLE>
    <TABLE NAME="dialogue_bulk_opener_rules" COMMENT="Conversation bulk opener rules">
        <FIELDS>
            <FIELD NAME="id" TYPE="int" LENGTH="10" NOTNULL="true" SEQUENCE="true"/>
            <FIELD NAME="dialogueid" TYPE="int" LENGTH="10" NOTNULL="true" SEQUENCE="false" DEFAULT="0"/>
            <FIELD NAME="conversationid" TYPE="int" LENGTH="10" NOTNULL="true" SEQUENCE="false" DEFAULT="0"/>
            <FIELD NAME="type" TYPE="char" LENGTH="10" NOTNULL="true" SEQUENCE="false" />
            <FIELD NAME="sourceid" TYPE="int" LENGTH="10" NOTNULL="true" SEQUENCE="false" DEFAULT="0"/>
            <FIELD NAME="includefuturemembers" TYPE="int" LENGTH="2" NOTNULL="true" SEQUENCE="false" DEFAULT="0"/>
            <FIELD NAME="cutoffdate" TYPE="int" LENGTH="10" NOTNULL="true" SEQUENCE="false" DEFAULT="0"/>
            <FIELD NAME="lastrun" TYPE="int" LENGTH="10" NOTNULL="true" SEQUENCE="false" DEFAULT="0"/>
        </FIELDS>
        <KEYS>
            <KEY NAME="primary" TYPE="primary" FIELDS="id"/>
        </KEYS>
    </TABLE>
    <TABLE NAME="dialogue_messages" COMMENT="Contains all messages">
        <FIELDS>
            <FIELD NAME="id" TYPE="int" LENGTH="10" NOTNULL="true" SEQUENCE="true"/>
            <FIELD NAME="dialogueid" TYPE="int" LENGTH="10" NOTNULL="true" SEQUENCE="false" DEFAULT="0"/>
            <FIELD NAME="conversationid" TYPE="int" LENGTH="10" NOTNULL="true" SEQUENCE="false" DEFAULT="0"/>
            <FIELD NAME="conversationindex" TYPE="int" LENGTH="10" NOTNULL="true" SEQUENCE="false" DEFAULT="0"/>
            <FIELD NAME="authorid" TYPE="int" LENGTH="10" NOTNULL="true" SEQUENCE="false" DEFAULT="0"/>
            <FIELD NAME="body" TYPE="text" LENGTH="medium" NOTNULL="true" SEQUENCE="false" />
            <FIELD NAME="bodyformat" TYPE="int" LENGTH="2" NOTNULL="true" DEFAULT="0" SEQUENCE="false"/>
            <FIELD NAME="bodytrust" TYPE="int" LENGTH="2" NOTNULL="true" DEFAULT="0" SEQUENCE="false"/>
            <FIELD NAME="attachments" TYPE="int" LENGTH="2" NOTNULL="true" SEQUENCE="false" DEFAULT="0"/>
            <FIELD NAME="state" TYPE="char" LENGTH="20" NOTNULL="true" SEQUENCE="false"/>
            <FIELD NAME="timecreated" TYPE="int" LENGTH="10" NOTNULL="true" SEQUENCE="false" DEFAULT="0"/>
            <FIELD NAME="timemodified" TYPE="int" LENGTH="10" NOTNULL="true" SEQUENCE="false" DEFAULT="0"/>
        </FIELDS>
        <KEYS>
            <KEY NAME="primary" TYPE="primary" FIELDS="id"/>
        </KEYS>
        <INDEXES>
            <INDEX NAME="authorid" UNIQUE="false" FIELDS="authorid"/>
            <INDEX NAME="conversationid" UNIQUE="false" FIELDS="conversationid"/>
        </INDEXES>
    </TABLE>
    <TABLE NAME="dialogue_flags" COMMENT="Flags set against a dialogue, conversation or message e.g read">
        <FIELDS>
            <FIELD NAME="id" TYPE="int" LENGTH="10" NOTNULL="true" SEQUENCE="true"/>
            <FIELD NAME="dialogueid" TYPE="int" LENGTH="10" NOTNULL="true" SEQUENCE="false" DEFAULT="0"/>
            <FIELD NAME="conversationid" TYPE="int" LENGTH="10" NOTNULL="true" SEQUENCE="false" DEFAULT="0"/>
            <FIELD NAME="messageid" TYPE="int" LENGTH="10" NOTNULL="true" SEQUENCE="false" DEFAULT="0"/>
            <FIELD NAME="userid" TYPE="int" LENGTH="10" NOTNULL="true" SEQUENCE="false" DEFAULT="0"/>
            <FIELD NAME="flag" TYPE="char" LENGTH="20" NOTNULL="true" SEQUENCE="false" />
            <FIELD NAME="timemodified" TYPE="int" LENGTH="10" NOTNULL="true" SEQUENCE="false" DEFAULT="0"/>
        </FIELDS>
        <KEYS>
            <KEY NAME="primary" TYPE="primary" FIELDS="id"/>
        </KEYS>
        <INDEXES>
            <INDEX NAME="userid-dialogueid" UNIQUE="false" FIELDS="userid, dialogueid"/>
            <INDEX NAME="userid-conversationid" UNIQUE="false" FIELDS="userid, conversationid"/>
            <INDEX NAME="userid-messageid" UNIQUE="false" FIELDS="userid, messageid"/>
      </INDEXES>
    </TABLE>
  </TABLES>
</XMLDB>