<?xml version="1.0" encoding="UTF-8" ?>
<XMLDB PATH="blocks/exalib/db" VERSION="20141201" COMMENT="XMLDB file for Moodle blocks/exalib"
    xmlns:xsi="http://www.w3.org/2001/XMLSchema-instance"
    xsi:noNamespaceSchemaLocation="../../../lib/xmldb/xmldb.xsd"
>
  <TABLES>
    <TABLE NAME="block_exalib_category" COMMENT="block_exalib_category">
      <FIELDS>
        <FIELD NAME="id" TYPE="int" LENGTH="20" NOTNULL="true" SEQUENCE="true"/>
        <FIELD NAME="parent_id" TYPE="int" LENGTH="20" NOTNULL="false" SEQUENCE="false"/>
        <FIELD NAME="name" TYPE="text" NOTNULL="false" SEQUENCE="false"/>
        <FIELD NAME="hidden" TYPE="int" LENGTH="2" NOTNULL="false" SEQUENCE="false"/>
      </FIELDS>
      <KEYS>
        <KEY NAME="primary" TYPE="primary" FIELDS="id"/>
      </KEYS>
    </TABLE>
    <TABLE NAME="block_exalib_item_category" COMMENT="block_exalib_item_category">
      <FIELDS>
        <FIELD NAME="id" TYPE="int" LENGTH="20" NOTNULL="true" SEQUENCE="true"/>
        <FIELD NAME="item_id" TYPE="int" LENGTH="20" NOTNULL="false" SEQUENCE="false"/>
        <FIELD NAME="category_id" TYPE="int" LENGTH="20" NOTNULL="false" SEQUENCE="false"/>
      </FIELDS>
      <KEYS>
        <KEY NAME="primary" TYPE="primary" FIELDS="id"/>
      </KEYS>
    </TABLE>
    <TABLE NAME="block_exalib_item" COMMENT="block_exalib_item">
      <FIELDS>
        <FIELD NAME="id" TYPE="int" LENGTH="20" NOTNULL="true" SEQUENCE="true"/>
        <FIELD NAME="resource_id" TYPE="int" LENGTH="20" NOTNULL="false" SEQUENCE="false"/>
        <FIELD NAME="link" TYPE="text" NOTNULL="false" SEQUENCE="false"/>
        <FIELD NAME="source" TYPE="text" NOTNULL="false" SEQUENCE="false"/>
        <FIELD NAME="file" TYPE="text" NOTNULL="false" SEQUENCE="false"/>
        <FIELD NAME="name" TYPE="text" NOTNULL="false" SEQUENCE="false"/>
        <FIELD NAME="authors" TYPE="text" NOTNULL="false" SEQUENCE="false"/>
        <FIELD NAME="content" TYPE="text" NOTNULL="false" SEQUENCE="false"/>
        <FIELD NAME="online_from" TYPE="int" LENGTH="11" NOTNULL="false" SEQUENCE="false"/>
        <FIELD NAME="online_to" TYPE="int" LENGTH="11" NOTNULL="false" SEQUENCE="false"/>
        <FIELD NAME="time_created" TYPE="int" LENGTH="11" NOTNULL="false" SEQUENCE="false"/>
        <FIELD NAME="time_modified" TYPE="int" LENGTH="11" NOTNULL="false" SEQUENCE="false"/>
        <FIELD NAME="modified_by" TYPE="int" LENGTH="20" NOTNULL="false" SEQUENCE="false"/>
        <FIELD NAME="hidden" TYPE="int" LENGTH="2" NOTNULL="false" SEQUENCE="false"/>
        <FIELD NAME="link_titel" TYPE="text" NOTNULL="false" SEQUENCE="false"/>
        <FIELD NAME="created_by" TYPE="int" LENGTH="20" NOTNULL="false" SEQUENCE="false"/>
      </FIELDS>
      <KEYS>
        <KEY NAME="primary" TYPE="primary" FIELDS="id"/>
      </KEYS>
    </TABLE>
  </TABLES>
</XMLDB>